{"playingContext":{"track":{"album":{"album_type":"album","artists":[{"external_urls":{"spotify":"https://open.spotify.com/artist/3KNIG74xSTc3dj0TRy7pGX"},"href":"https://api.spotify.com/v1/artists/3KNIG74xSTc3dj0TRy7pGX","id":"3KNIG74xSTc3dj0TRy7pGX","name":"Yung Bleu","type":"artist","uri":"spotify:artist:3KNIG74xSTc3dj0TRy7pGX"}],"available_markets":["AD","AE","AL","AR","AT","AU","BA","BE","BG","BH","BO","BR","BY","CA","CH","CL","CO","CR","CY","CZ","DE","DK","DO","DZ","EC","EE","EG","ES","FI","FR","GB","GR","GT","HK","HN","HR","HU","ID","IE","IL","IN","IS","IT","JO","JP","KW","KZ","LB","LI","LT","LU","LV","MA","MC","MD","ME","MK","MT","MX","MY","NI","NL","NO","NZ","OM","PA","PE","PH","PL","PS","PT","PY","QA","RO","RS","RU","SA","SE","SG","SI","SK","SV","TH","TN","TR","TW","UA","US","UY","VN","XK","ZA"],"external_urls":{"spotify":"https://open.spotify.com/album/2RhpPh3aaviygDMbFUa3HG"},"href":"https://api.spotify.com/v1/albums/2RhpPh3aaviygDMbFUa3HG","id":"2RhpPh3aaviygDMbFUa3HG","images":[{"height":640,"url":"https://i.scdn.co/image/ab67616d0000b273c83bdd9c1b40fa252e18fad0","width":640},{"height":300,"url":"https://i.scdn.co/image/ab67616d00001e02c83bdd9c1b40fa252e18fad0","width":300},{"height":64,"url":"https://i.scdn.co/image/ab67616d00004851c83bdd9c1b40fa252e18fad0","width":64}],"name":"Love Scars: The 5 Stages Of Emotions (Deluxe)","release_date":"2020-10-16","release_date_precision":"day","total_tracks":8,"type":"album","uri":"spotify:album:2RhpPh3aaviygDMbFUa3HG"},"artists":[{"external_urls":{"spotify":"https://open.spotify.com/artist/3KNIG74xSTc3dj0TRy7pGX"},"href":"https://api.spotify.com/v1/artists/3KNIG74xSTc3dj0TRy7pGX","id":"3KNIG74xSTc3dj0TRy7pGX","name":"Yung Bleu","type":"artist","uri":"spotify:artist:3KNIG74xSTc3dj0TRy7pGX"},{"external_urls":{"spotify":"https://open.spotify.com/artist/3TVXtAsR1Inumwj472S9r4"},"href":"https://api.spotify.com/v1/artists/3TVXtAsR1Inumwj472S9r4","id":"3TVXtAsR1Inumwj472S9r4","name":"Drake","type":"artist","uri":"spotify:artist:3TVXtAsR1Inumwj472S9r4"}],"available_markets":["AD","AE","AL","AR","AT","AU","BA","BE","BG","BH","BO","BR","BY","CA","CH","CL","CO","CR","CY","CZ","DE","DK","DO","DZ","EC","EE","EG","ES","FI","FR","GB","GR","GT","HK","HN","HR","HU","ID","IE","IL","IN","IS","IT","JO","JP","KW","KZ","LB","LI","LT","LU","LV","MA","MC","MD","ME","MK","MT","MX","MY","NI","NL","NO","NZ","OM","PA","PE","PH","PL","PS","PT","PY","QA","RO","RS","RU","SA","SE","SG","SI","SK","SV","TH","TN","TR","TW","UA","US","UY","VN","XK","ZA"],"disc_number":1,"duration_ms":226220,"explicit":true,"external_ids":{"isrc":"USWB12004394"},"external_urls":{"spotify":"https://open.spotify.com/track/3wJ1OyP3Fugmi8t41e1zQ6"},"href":"https://api.spotify.com/v1/tracks/3wJ1OyP3Fugmi8t41e1zQ6","id":"3wJ1OyP3Fugmi8t41e1zQ6","is_local":false,"name":"You're Mines Still","popularity":64,"preview_url":"https://p.scdn.co/mp3-preview/0f4f6cd9417fcb5a2ca354fafc2bf76cb4e20572?cid=696f722192b84e2387cc4939d6625547","track_number":1,"type":"track","uri":"spotify:track:3wJ1OyP3Fugmi8t41e1zQ6"},"user":{"display_name":"Arjan Knol","external_urls":{"spotify":"https://open.spotify.com/user/11140549023"},"followers":{"href":null,"total":32},"href":"https://api.spotify.com/v1/users/11140549023","id":"11140549023","images":[{"height":null,"url":"https://i.scdn.co/image/ab6775700000ee8539853134b1cde6a2acadb1dd","width":null}],"type":"user","uri":"spotify:user:11140549023"},"startTimestamp":1610629971105,"voters":[]},"queue":[{"id":"3939f18d-fadb-4ec2-889e-1a05f596f0d3","user":{"display_name":"Arjan Knol","external_urls":{"spotify":"https://open.spotify.com/user/11140549023"},"followers":{"href":null,"total":32},"href":"https://api.spotify.com/v1/users/11140549023","id":"11140549023","images":[{"height":null,"url":"https://i.scdn.co/image/ab6775700000ee8539853134b1cde6a2acadb1dd","width":null}],"type":"user","uri":"spotify:user:11140549023"},"track":{"album":{"album_type":"album","artists":[{"external_urls":{"spotify":"https://open.spotify.com/artist/246dkjvS1zLTtiykXe5h60"},"href":"https://api.spotify.com/v1/artists/246dkjvS1zLTtiykXe5h60","id":"246dkjvS1zLTtiykXe5h60","name":"Post Malone","type":"artist","uri":"spotify:artist:246dkjvS1zLTtiykXe5h60"}],"available_markets":["AD","AE","AL","AR","AT","AU","BA","BE","BG","BH","BO","BR","CA","CH","CL","CO","CR","CY","CZ","DE","DK","DO","DZ","EC","EE","EG","ES","FI","FR","GB","GR","GT","HK","HN","HR","HU","ID","IE","IL","IN","IS","IT","JO","JP","KW","KZ","LB","LI","LT","LU","LV","MA","MC","MD","ME","MK","MT","MX","MY","NI","NL","NO","NZ","OM","PA","PE","PH","PL","PS","PT","PY","QA","RO","RS","RU","SA","SE","SG","SI","SK","SV","TH","TN","TR","TW","UA","US","UY","VN","XK","ZA"],"external_urls":{"spotify":"https://open.spotify.com/album/4g1ZRSobMefqF6nelkgibi"},"href":"https://api.spotify.com/v1/albums/4g1ZRSobMefqF6nelkgibi","id":"4g1ZRSobMefqF6nelkgibi","images":[{"height":640,"url":"https://i.scdn.co/image/ab67616d0000b2739478c87599550dd73bfa7e02","width":640},{"height":300,"url":"https://i.scdn.co/image/ab67616d00001e029478c87599550dd73bfa7e02","width":300},{"height":64,"url":"https://i.scdn.co/image/ab67616d000048519478c87599550dd73bfa7e02","width":64}],"name":"Hollywood's Bleeding","release_date":"2019-09-06","release_date_precision":"day","total_tracks":17,"type":"album","uri":"spotify:album:4g1ZRSobMefqF6nelkgibi"},"artists":[{"external_urls":{"spotify":"https://open.spotify.com/artist/246dkjvS1zLTtiykXe5h60"},"href":"https://api.spotify.com/v1/artists/246dkjvS1zLTtiykXe5h60","id":"246dkjvS1zLTtiykXe5h60","name":"Post Malone","type":"artist","uri":"spotify:artist:246dkjvS1zLTtiykXe5h60"}],"available_markets":["AD","AE","AL","AR","AT","AU","BA","BE","BG","BH","BO","BR","CA","CH","CL","CO","CR","CY","CZ","DE","DK","DO","DZ","EC","EE","EG","ES","FI","FR","GB","GR","GT","HK","HN","HR","HU","ID","IE","IL","IN","IS","IT","JO","JP","KW","KZ","LB","LI","LT","LU","LV","MA","MC","MD","ME","MK","MT","MX","MY","NI","NL","NO","NZ","OM","PA","PE","PH","PL","PS","PT","PY","QA","RO","RS","RU","SA","SE","SG","SI","SK","SV","TH","TN","TR","TW","UA","US","UY","VN","XK","ZA"],"disc_number":1,"duration_ms":215280,"explicit":false,"external_ids":{"isrc":"USUM71915699"},"external_urls":{"spotify":"https://open.spotify.com/track/21jGcNKet2qwijlDFuPiPb"},"href":"https://api.spotify.com/v1/tracks/21jGcNKet2qwijlDFuPiPb","id":"21jGcNKet2qwijlDFuPiPb","is_local":false,"name":"Circles","popularity":92,"preview_url":null,"track_number":6,"type":"track","uri":"spotify:track:21jGcNKet2qwijlDFuPiPb"},"voters":[],"startTimestamp":null}]}